-0.09422211087952825,-0.08268168439523102,0.17981349792577245,1.250839705992423
-0.6223624842344888,-0.6205289243042328,-0.7462462697104146,-0.5018654220218999
2.279464548548528,2.3693769599502885,2.0842168783028514,-0.08026878312115718
-0.6223624842344888,-0.6213298936476138,-0.7462462697104146,-0.4971283811353744
-0.6223624842344888,-0.6186991869968763,-0.7463760062987639,-0.5421302695573638
-0.6959880009661282,-0.6933142577555008,-0.82421795930825,-1.5416458966141806
-0.09225876376668458,-0.08033756310588677,0.18201901992770794,1.2626823082087362
-0.6223624842344888,-0.619831881520478,-0.7463852731979316,-0.5167532648081217
-0.10698386711301248,-0.10436839301269592,0.156442378224591,1.2545616666889785
-0.10698386711301248,-0.11219752717119531,0.1367409505938568,1.265050828651999
-0.10698386711301248,-0.10867685458336797,0.1468604044850899,1.2437341446626355
-0.6223624842344888,-0.6216191034170783,-0.7462462697104146,-0.5345171681325912
-0.10796554066943441,-0.1157810689123767,0.124286238112339,1.246102665105898
-0.6959880009661282,-0.6931868864837706,-0.8240882227199009,-1.5369088557276553
-0.12563566468502782,-0.15646067706249772,0.0661642465319227,1.2484711855491606
-0.6370875875808166,-0.6333517821409277,-0.7462462697104146,-0.4331783291672844
-0.10698386711301248,-0.10961091057605689,0.14504409224820206,1.253208226435686
-0.6959880009661282,-0.6930007284712417,-0.8240882227199009,-1.5369088557276553
-0.6959880009661282,-0.6929881313124991,-0.8240882227199009,-1.5419842566775035
-0.10698386711301248,-0.11068866749069792,0.13907620918414135,1.253208226435686
-0.10698386711301248,-0.11410669656284514,0.12641762492093203,1.2520239662140547
-0.6223624842344888,-0.6211976234808169,-0.746635479475462,-0.4805487380325362
-0.10698386711301248,-0.10763502289921503,0.14802803378023227,1.250839705992423
-0.10698386711301248,-0.10235401401747397,0.16139090238019407,1.2579452673222111
2.1616637217779053,2.0923468933844136,1.9621347486663072,0.026314636825659852
-0.10698386711301248,-0.11151494779192263,0.1380383164773483,1.2437341446626355
-0.6223624842344888,-0.6208742964064246,-0.7463760062987639,-0.45686353359991033
-0.6223624842344888,-0.619889618498048,-0.7454678501803198,-0.5018654220218997
-0.6223624842344888,-0.6216348498655065,-0.7458292592478638,-0.42793374818577434
-0.6223624842344888,-0.621697310777605,-0.7459867965337164,-0.45212649271338523
-0.6223624842344888,-0.6213960287310123,-0.7452083770036215,-0.45212649271338523
-0.6265696566191539,-0.6253273920219187,-0.7462462697104146,-0.43300914913562266
-0.10698386711301248,-0.10594653706627742,0.15425539002099115,1.246102665105898
-0.10698386711301248,-0.10698580266253845,0.15129924918646415,1.2494862657391306
-0.10698386711301248,-0.11564634929804654,0.1280485991744642,1.250839705992423
-0.10698386711301248,-0.10612616321871764,0.15360670707924548,1.2484711855491606
2.2078023789297325,2.16115187459411,2.03452776496513,0.026314636825659852
-0.10698386711301248,-0.10680874259799032,0.15230934119575412,1.2555767468789485
-0.10698386711301248,-0.10771713771175914,0.15004821779881178,1.259637067638827
2.212710746711841,2.197736822951106,2.0362143406136686,-0.0021076084934913576
2.2078023789297325,2.1626280749741635,2.0513935214505183,0.04289427992849779
-0.6223624842344888,-0.621234365193816,-0.7465057428871129,-0.4971283811353744
-0.6223624842344888,-0.6206979361840288,-0.7466632801729656,-0.4939139605338037
-0.6812628976198003,-0.6748511387321847,-0.8233098031898061,-1.5866477850361698
0.07266239371218773,0.07079498266220581,-0.08225441053949771,-1.1650511461354272
-0.6959880009661282,-0.6924977752444093,-0.82421795930825,-1.567699621490069
-0.6223624842344888,-0.6199998436370454,-0.7465057428871129,-0.5137080242382127
-0.10698386711301248,-0.10512025676505271,0.15529328272778434,1.253208226435686
-0.10698386711301248,-0.1024823184120741,0.1607514863376162,1.2520239662140547
-0.6223624842344888,-0.620183552202041,-0.7454678501803198,-0.49239134024884934
2.2136924202682637,2.1465637815684344,2.0765624195902523,0.07368504569091174
-0.10698386711301248,-0.11402971392608513,0.13239477488416057,1.2469485652642065
-0.10698386711301248,-0.10844847276097982,0.14587811317330357,1.2494862657391306
-0.6223624842344888,-0.6224694116322009,-0.7462462697104146,-0.4710746562594859
2.1606820482214832,2.1060956423886865,1.9372253237032722,-0.006844649380016428
-0.6959880009661282,-0.6932946621752347,-0.82421795930825,-1.5416458966141806
-0.09225876376668458,-0.08274414530732951,0.17423482462675935,1.2520239662140547
-0.635124240467973,-0.6340955977085323,-0.7458570599453672,-0.39765052251834515
-0.6223624842344888,-0.6184787367188815,-0.7424839086482895,-0.47344317670274866
-0.09324043732310641,-0.08360757556280901,0.17540245392190157,1.253208226435686
-0.6223624842344888,-0.6175014071531049,-0.7469760380198787,-0.5643351487129508
2.404137090214104,2.481992759740142,2.4023309929349517,0.06657948436112433
-0.10698386711301248,-0.11438896623096538,0.13232990658998578,1.253208226435686
2.300079693233387,2.3716051407230574,2.156090948248277,-0.03526689469916803
-0.10698386711301248,-0.1025695654004022,0.16100169261514657,1.2437341446626355
2.24061832353012,2.171119376449158,2.1327939637404385,0.09737025012353788
-0.10698386711301248,-0.11442489146145347,0.13168122364824023,1.250839705992423
-0.19954165957564493,-0.2008661281914474,0.004928576831126881,0.7723985764533783
-0.6959880009661282,-0.6938174442630509,-0.8240882227199009,-1.5292957543028824
-0.6370875875808166,-0.6346058992779645,-0.7457273233570181,-0.39765052251834515
-0.6223624842344888,-0.6208449030360254,-0.7435218013550826,-0.4876542993623241
-0.6223624842344888,-0.6199263602110472,-0.7463760062987639,-0.5800265966495652
-0.6959880009661282,-0.6930791107923064,-0.8240882227199009,-1.5392773761709178
2.2205641351632166,2.159373575684952,2.0765624195902523,0.061842443474598864
-0.10698386711301248,-0.10935943396264065,0.1420601507161717,1.253208226435686
-0.6223624842344888,-0.6216752657498056,-0.7461165331220655,-0.4710746562594861
2.140066903536624,2.2097619773744643,2.05113404827382,0.007366473279559176
-0.6959880009661282,-0.6928374319690234,-0.8240882227199009,-1.5416458966141806
-0.6370875875808166,-0.6323258135455616,-0.7465242766854485,-0.4482353519851681
2.278482874992106,2.362144557867038,2.088887395483421,-0.08026878312115718
2.2143234961259632,2.156240732289893,2.0721884431830526,0.061842443474598864
-0.6223624842344888,-0.61938993120126,-0.7463760062987639,-0.5539728717736766
-0.1001121522180595,-0.09360540391112657,0.16709931226755645,1.2603137877654735
2.2215458087196382,2.1951338767057456,2.063848233932036,0.026314636825659852
-0.10172490163218112,-0.0937920284850904,0.16964770953870031,1.2520239662140547
2.278482874992106,2.36668583359373,2.0750055805300627,-0.08026878312115718
-0.11189223489512182,-0.11950912805802134,0.13077306752979623,1.250839705992423
-0.6223624842344888,-0.6191469110138514,-0.7463852731979316,-0.47868775768425864
2.287317936999903,2.229396748801197,2.2274460718403057,0.12579249544268908
-0.6812628976198003,-0.6748630943689542,-0.8236712122573501,-1.5978136671258363
2.360943453731543,2.301644836760167,2.3933791683388606,0.1968481087405671
-0.09225876376668458,-0.08162352306085614,0.17916481498402675,1.253208226435686
-0.09520378443595016,-0.08880203729837426,0.1696940440345393,1.2484711855491606
-0.6812628976198003,-0.6749636966783567,-0.8239492192323838,-1.605426768550609
-0.1217089704593404,-0.13837150702926135,0.1035283839764761,1.250839705992423
-0.6223624842344888,-0.620734677897028,-0.7463760062987639,-0.4852857789190615
-0.6223624842344888,-0.6199924952944457,-0.7462462697104146,-0.5066024629084249
-0.10698386711301248,-0.1066291164455501,0.15256881437245232,1.250839705992423
-0.6223624842344888,-0.620315822368838,-0.7463760062987639,-0.5137080242382127
2.304988061015497,2.4091968120162295,2.113407610681409,-0.08026878312115718
2.263757771645778,2.315565047091769,2.092260546780499,-0.04474097647221817
2.354071738836589,2.4624747453124947,2.237565525731539,-0.04474097647221817
-0.6223624842344888,-0.6209105132378095,-0.745412248785313,-0.43808455008547115
-0.6812628976198003,-0.6746184412165235,-0.8236990129548534,-1.598490387252483
2.2847936335691035,2.368249164321753,2.0959580395484494,-0.08026878312115718
-0.6223624842344888,-0.6203599124244369,-0.7463760062987639,-0.5042339424651624
-0.6812628976198003,-0.6748368502882406,-0.8236712122573501,-1.595275966650912
-0.6223624842344888,-0.6210800499992197,-0.7461165331220655,-0.5373932286708387
-0.6370875875808166,-0.6333517821409277,-0.746635479475462,-0.4094931247346582
-0.10698386711301248,-0.10690882002577834,0.15102124221143043,1.257099367163903
-0.6959880009661282,-0.6938955933033982,-0.8243476958965991,-1.5416458966141806
-0.6223624842344888,-0.6184787367188815,-0.7467652160638112,-0.5184450651247378
-0.6223624842344888,-0.621186076085303,-0.7458292592478638,-0.49645166100872795
-0.6223624842344888,-0.6195075046828572,-0.7463760062987639,-0.5066024629084249
-0.6223624842344888,-0.6195589430810559,-0.7467652160638112,-0.5516043513304141
-0.6318286220999852,-0.628240484981135,-0.7531964440862616,-0.5395925690824395
-0.1501775035955743,-0.14948791641777467,0.08458684207750107,1.0210932229959513
-0.10600219355659057,-0.10248465121924873,0.16152063896854324,1.253208226435686
-0.6959880009661282,-0.6927186920838388,-0.8240882227199009,-1.5521350585772005
-0.6223624842344888,-0.6197426516460516,-0.7461165331220655,-0.5326561877843135
-0.10698386711301248,-0.11233609591736343,0.13837192484738883,1.257099367163903
-0.6959880009661282,-0.6924193929233444,-0.8240882227199009,-1.572436662376594
-0.627270852016598,-0.622258234262725,-0.746635479475462,-0.5018654220218997
-0.6223624842344888,-0.6184640400336819,-0.7430028550016862,-0.48291725847579897
2.2372525856223877,2.227092635154896,2.086941346658184,0.026314636825659852
-0.6223624842344888,-0.6204459930091777,-0.7459682627353807,-0.5497433709821364
-0.6223624842344888,-0.622398552614274,-0.7461072662228977,-0.46599925530963743
-0.10698386711301248,-0.10598246229676543,0.15140118507730996,1.2603137877654735
-0.6223624842344888,-0.6201861766101124,-0.745412248785313,-0.4533107529350164
-0.1364340738056683,-0.17660085116359617,0.0387064242977431,1.2494862657391306
-0.6223624842344888,-0.6220059411667977,-0.7461165331220655,-0.45686353359991033
-0.6449409760321916,-0.63983791920904,-0.7532520454812685,-0.5752895557630402
2.1848732894333076,2.1591940661728706,1.9779440786465676,-0.00921316982327916
-0.11831086968711083,-0.13247688013726147,0.10732068425129707,1.2397258792971144
-0.10698386711301248,-0.11045002131674168,0.1408739876226937,1.2494862657391306
-0.10698386711301248,-0.10803020043458339,0.14530356542490036,1.2484711855491606
-0.6262891784601762,-0.6230028663128406,-0.746635479475462,-0.46870613581622317
-0.6223624842344888,-0.6212858035920149,-0.7440407477084792,-0.49002281980558676
-0.6223624842344888,-0.6206900629598148,-0.74555125227283,-0.45077305246009214
-0.1080356602091787,-0.11308230261232183,0.13545285160953313,1.257099367163903
-0.1217089704593404,-0.13971567052323577,0.10167500414291691,1.2494862657391306
-0.10698386711301248,-0.11841772422140918,0.11974545752011896,1.2494862657391306
-0.6223624842344888,-0.6216072935807572,-0.7462462697104146,-0.4666336804283686
-0.13152570602355906,-0.16894714410462267,0.04774165098634433,1.246102665105898
2.293207978338434,2.3623958595199164,2.133488981178023,-0.04474097647221817
-0.6223624842344888,-0.6187611230273606,-0.7463852731979316,-0.5446679700322877
-0.10698386711301248,-0.10777872382116715,0.14724961425013727,1.2555767468789485
2.298116346120543,2.374690628132473,2.132089679403686,-0.04474097647221817
-0.6244660704268213,-0.6214231476144163,-0.7465242766854485,-0.47361235673441016
-0.10992888778227806,-0.1227293350817669,0.11689125257643776,1.253208226435686
1.9672923576063768,1.9216334640353205,1.7493667437737117,-0.00921316982327916
-0.10593207401684619,-0.10484953449244634,0.15282828754915062,1.257099367163903
-0.6959880009661282,-0.6932120808012556,-0.8240882227199009,-1.5369088557276553
-0.6223624842344888,-0.6214695121570105,-0.7471544258288587,-0.5539728717736766
-0.6223624842344888,-0.6207861162952267,-0.7462462697104146,-0.4876542993623241
-0.6223624842344888,-0.6196324265070542,-0.746635479475462,-0.5255506264545255
2.145956944875155,2.05927118686009,1.9431932067673323,0.04052575948523546
-0.10698386711301248,-0.11747853605293636,0.12298887222884763,1.253208226435686
-0.1217089704593404,-0.13970563945238526,0.10158233515123892,1.2437341446626355
-0.10698386711301248,-0.1042529190575558,0.15963945843748056,1.2520239662140547
-0.6812628976198003,-0.6754185940773934,-0.8240882227199009,-1.607964469025533
-0.6959880009661282,-0.6921352570094845,-0.8240882227199009,-1.572436662376594
-0.6812628976198003,-0.6750920010729567,-0.8235692763665042,-1.5890163054794324
2.2146740938246854,2.160495422655192,2.0600858728699105,0.057105402588073395
-0.6223624842344888,-0.6198602251276487,-0.7462462697104146,-0.5066024629084249
-0.6223624842344888,-0.6208868935651672,-0.743049189497525,-0.47361235673441016
-0.6959880009661282,-0.6922201711906381,-0.8240882227199009,-1.572436662376594
-0.10698386711301248,-0.11699354544134781,0.12169150634535614,1.234260062889585
-0.6223624842344888,-0.6189028410632144,-0.7462462697104146,-0.5395925690824395
-0.10698386711301248,-0.11464557502016562,0.13044872605892324,1.2494862657391306
-0.10698386711301248,-0.09947999557843122,0.1661726223507768,1.2520239662140547
-0.6959880009661282,-0.6928015067385354,-0.8240882227199009,-1.544014417057443
-0.6223624842344888,-0.6209771732028222,-0.7463760062987639,-0.4710746562594861
2.278482874992106,2.211443931347313,2.216418461830629,0.13052953632921416
-0.10593207401684619,-0.10200555094577601,0.1615855072627179,1.2545616666889785
-0.6253075049037543,-0.6235164338123173,-0.7459867965337164,-0.44028389049707195
2.159700374665061,2.103843783623096,1.940209265235302,-0.00921316982327916
-0.6812628976198003,-0.6748797156200729,-0.8239584861315516,-1.6055959485822706
-0.6959880009661282,-0.6927263903475149,-0.8240882227199009,-1.5534884988304933
2.251977688968716,2.205397061870168,2.1503825383609145,0.0926332092370128
2.4046980465320593,2.479095413229354,2.4120519701619694,0.07199324537429544
-0.6223624842344888,-0.6206685428136295,-0.7458570599453672,-0.45923205404317285
0.7244936351763025,0.7048132481051638,0.6458273232758964,-0.7671397116673107
-0.10698386711301248,-0.10925165827117654,0.14374672636471053,1.250839705992423
-0.10698386711301248,-0.10917980781020052,0.14017897018510916,1.2431420145518195
-0.1217089704593404,-0.13672139587434512,0.10482574985996745,1.246102665105898
-0.6370875875808166,-0.6322715757787535,-0.7464895258135692,-0.43998782544166415
-0.10698386711301248,-0.10853315366141585,0.14556303860159855,1.2579452673222111
0.700933469822178,0.7478851500127832,0.5265993985830332,-0.8926712951602284
-0.6223624842344888,-0.6193237961178615,-0.7463760062987639,-0.5089709833516874
-0.10698386711301248,-0.11387574865256492,0.13253377837167743,1.2494862657391306
-0.6370875875808166,-0.6322908214379434,-0.7465242766854485,-0.4406222505603954
-0.6223624842344888,-0.6216385240368064,-0.7461165331220655,-0.45449501315664775
-0.10698386711301248,-0.10411435031138769,0.15775827790641803,1.2555767468789485
2.2451059740737627,2.1846714698086167,2.142209133294919,0.09737025012353788
-0.6812628976198003,-0.6747776553061865,-0.8239584861315516,-1.6055959485822706
-0.10600219355659057,-0.10007521132901716,0.1634666877937804,1.2484711855491606
-0.10992888778227806,-0.11371618464182587,0.1420601507161717,1.253208226435686
-0.6223624842344888,-0.6192356160066637,-0.7463760062987639,-0.546867310443889
2.287317936999903,2.22257830335107,2.2356194769063022,0.13526657721573923
-0.10698386711301248,-0.10837149012421964,0.14490508876068506,1.2494862657391306
-0.6223624842344888,-0.6202964017491098,-0.7465242766854485,-0.5472056705072122
-0.10698386711301248,-0.10357547185406722,0.15944485355495702,1.253208226435686
-0.1364340738056683,-0.17638285033313475,0.039438509331999085,1.2437341446626355
2.3594709433969094,2.456172958331352,2.260677172256023,-0.00921316982327916
2.172251772279312,2.105478556570839,1.9790561065467032,0.026314636825659852
2.293207978338434,2.3806370702607533,2.1023800006717317,-0.08026878312115718
-0.6223624842344888,-0.6221859755604934,-0.7463852731979316,-0.5091401633833491
-0.6223624842344888,-0.6220720762501961,-0.7461165331220655,-0.4781802175892737
-0.10698386711301248,-0.10953906011508077,0.14569277518994772,1.2603137877654735
-0.10382848782451362,-0.09838911662343344,0.1654776049131921,1.259637067638827
-0.6223624842344888,-0.6225570668617846,-0.7462462697104146,-0.4710746562594861
-0.6223624842344888,-0.6197452760541229,-0.7463852731979316,-0.5446679700322877
-0.10698386711301248,-0.10907203211873641,0.14647119472004258,1.2579452673222111
-0.10698386711301248,-0.11762223697488848,0.1231186088171968,1.2555767468789485
-0.10698386711301248,-0.10698836875043044,0.15036329237051693,1.250839705992423
0.7588522096510677,0.6956784417710699,0.8672876795878844,-0.9234620609226422
-0.6812628976198003,-0.6749450342209602,-0.8239584861315516,-1.603227428139008
2.3226581850310897,2.435296491965787,2.1592046263686564,-0.08026878312115718
-0.10698386711301248,-0.10521520201705672,0.156442378224591,1.244410864789282
-0.10698386711301248,-0.10867685458336805,0.1458225117782969,1.2484711855491606
-0.6223624842344888,-0.621186076085303,-0.745412248785313,-0.4989893614836524
2.3354199412645746,2.445938525015355,2.173086441322015,-0.07316322179136937
-0.6959880009661282,-0.6934579586774531,-0.8240882227199009,-1.5369088557276553
-0.6297250359076527,-0.6273674318960606,-0.7466632801729656,-0.4761500572093342
-0.634142566911551,-0.6327647312154527,-0.7458570599453672,-0.4094931247346582
-0.1217089704593404,-0.13780976706163034,0.10482574985996745,1.2579452673222111
-0.6223624842344888,-0.6211314883974185,-0.7454678501803198,-0.45449501315664775
-0.6959880009661282,-0.6930431855618184,-0.8240882227199009,-1.5369088557276553
-0.6223624842344888,-0.6213960287310123,-0.7433920647667335,-0.49002281980558676
-0.10698386711301248,-0.11054496656874571,0.13622200424046027,1.250839705992423
-0.6223624842344888,-0.621653220722006,-0.7467652160638112,-0.523182106011263
-0.6959880009661282,-0.6931934183438594,-0.8240882227199009,-1.5369088557276553
-0.6223624842344888,-0.6201909005446409,-0.7453381135919707,-0.45923205404317285
2.2323442178402786,2.2044842344227673,2.086811610069834,0.04526280037176092
-0.10698386711301248,-0.10655726598457409,0.1498443460171204,1.250839705992423
-0.10698386711301248,-0.10537173337846895,0.1547743363743878,1.2603137877654735
-0.6959880009661282,-0.6933011940353234,-0.82421795930825,-1.544014417057443
-0.6223624842344888,-0.6203231707114377,-0.7462462697104146,-0.5113395037949502
-0.6223624842344888,-0.6206743165113865,-0.7459682627353807,-0.46599925530963743
-0.10698386711301248,-0.10848696407935984,0.14740715153598993,1.244410864789282
-0.6812628976198003,-0.6748937124631201,-0.823532208769833,-1.5902005657010636
-0.10698386711301248,-0.10921573304068853,0.14374672636471053,1.253208226435686
2.137542600105825,2.0664641061819102,1.9138634709012579,0.016163834925963273
-0.6959880009661282,-0.6928798890596001,-0.8240882227199009,-1.544014417057443
-0.10698386711301248,-0.10382951455537545,0.1607514863376162,1.2494862657391306
-0.10894721422585624,-0.11537119469180873,0.12830807235116254,1.2555767468789485
-0.09225876376668458,-0.08211428737020163,0.17715389786461505,1.2494862657391306
-0.6223624842344888,-0.6198455284424491,-0.7465057428871129,-0.546867310443889
-0.10698386711301248,-0.1145326671529175,0.1285675455278607,1.246102665105898
-0.1217089704593404,-0.1368969396142299,0.10729074503860116,1.250839705992423
-0.11974562334649673,-0.13629764145108855,0.1059933791551098,1.246102665105898
-0.6223624842344888,-0.6187285803672756,-0.7463760062987639,-0.5421302695573638
-0.10698386711301248,-0.11395786346510893,0.1296054382346539,1.2437341446626355
-0.6223624842344888,-0.6202643839706391,-0.7467652160638112,-0.5184450651247378
-0.6400326082500822,-0.6363499059216564,-0.7526033625395226,-0.6510822099474433
-0.6223624842344888,-0.6229759223899747,-0.7462462697104146,-0.49475986069211186
-0.10698386711301248,-0.10580283614432522,0.15490407296273698,1.2484711855491606
-0.6812628976198003,-0.6751858965617322,-0.8240882227199009,-1.607964469025533
-0.6970397940622944,-0.6916461839853406,-0.8278413168828582,-1.6891708842231081
-0.6223624842344888,-0.6217928392314027,-0.7454678501803198,-0.44502093138359744
-0.6812628976198003,-0.6750249328666884,-0.8236712122573501,-1.5927382661759881
-0.6433983461578143,-0.6399322229390711,-0.7602856219496256,-0.6258743852298628
-0.1364340738056683,-0.17384522268866173,0.046314548514503666,1.253208226435686
-0.1217089704593404,-0.14342716673794112,0.09023038367068881,1.2520239662140547
2.1974948065873026,2.1636144441677416,1.997265563411422,-0.00667546934835472
-0.6959880009661282,-0.6935130129267724,-0.8240882227199009,-1.5369088557276553
-0.6959880009661282,-0.693066047072129,-0.8240882227199009,-1.5369088557276553
-0.6223624842344888,-0.6214327704440112,-0.7455975867686688,-0.5326561877843135
2.204857358260467,2.1543905245995805,2.0402176410541557,0.03392773825043278
-0.10698386711301248,-0.10904508819587036,0.14650362886712984,1.2520239662140547
-0.7156214720945654,-0.7114703793546466,-0.8134498224752711,-1.6648089596638356
-0.09422211087952825,-0.08304420263015566,0.1799432345141216,1.2484711855491606
2.208784052486154,2.178213093145881,2.026484096487483,0.019209075495872047
-0.10698386711301248,-0.10795834997360729,0.14932539966372363,1.250839705992423
-0.6223624842344888,-0.6184052532928833,-0.7463760062987639,-0.523182106011263
-0.13741574736209014,-0.18026685763839786,0.03113536767765398,1.2437341446626355
-0.10698386711301248,-0.10213846263454575,0.15840696084816372,1.2603137877654735
-0.10698386711301248,-0.10232835313855397,0.1582494235623112,1.244410864789282
-0.6370875875808166,-0.6332146130790643,-0.7462462697104146,-0.4000190429616079
-0.10698386711301248,-0.10519210722602873,0.15490407296273698,1.2484711855491606
-0.10698386711301248,-0.11244900378461155,0.137000423770555,1.241365624219373
-0.10305717288732508,-0.09873373056329346,0.16152063896854324,1.246102665105898
-0.10698386711301248,-0.10289289247479454,0.1625585316753364,1.2437341446626355
-0.10600219355659057,-0.10133341087860935,0.16398563414717693,1.2484711855491606
-0.6959880009661282,-0.6930931076353538,-0.8240882227199009,-1.5369088557276553
-0.6959880009661282,-0.6930896084245919,-0.8242272262074177,-1.5419842566775035
-0.6223624842344888,-0.6208742964064246,-0.7463760062987639,-0.4710746562594861
-0.6223624842344888,-0.6212270168512163,-0.7457273233570181,-0.4805487380325362
-0.6361059140243948,-0.6310697135224265,-0.7463760062987639,-0.4616005744864354
-0.6307768290038189,-0.6291126632635191,-0.7458292592478638,-0.42539604771084993
-0.10698386711301248,-0.10364732231504324,0.16035300967340088,1.250839705992423
2.2048573582604662,2.161200863544775,2.021424369541866,0.026314636825659852
-0.10698386711301248,-0.11553857360658243,0.12882701870455904,1.2603137877654735
2.3275665528131992,2.3920441474232157,2.2310786963140825,0.012103514166084246
-0.10698386711301248,-0.11417341484803725,0.13116227729484373,1.253208226435686
-0.10698386711301248,-0.10501248107358852,0.15672038519962486,1.250839705992423
-0.6223624842344888,-0.6216826140924053,-0.7459867965337164,-0.5326561877843135
-0.09913047866163766,-0.09299222554529672,0.16826694156269864,1.250839705992423
-0.6223624842344888,-0.6210212632584211,-0.746635479475462,-0.49475986069211186
-0.6223624842344888,-0.6222190431021927,-0.7462462697104146,-0.5066024629084249
2.247980875203284,2.2341419118749446,2.112360451075448,0.03392773825043278
-0.10992888778227806,-0.11716745621621046,0.13323806270842992,1.253208226435686
-0.10698386711301248,-0.10731169582482278,0.14893618989867627,1.253208226435686
-0.6959880009661282,-0.6927492518578254,-0.8240882227199009,-1.5463829375007057
-0.6223624842344888,-0.622792213824979,-0.7462462697104146,-0.4994969015786369
-0.6223624842344888,-0.6203305190540376,-0.7465057428871129,-0.4900228198055866
-0.10698386711301248,-0.10914388257971243,0.1438764629530597,1.2555767468789485
-0.6223624842344888,-0.6210433082862206,-0.7465057428871129,-0.4971283811353744
-0.6812628976198003,-0.6747939849564082,-0.8233098031898061,-1.5866477850361698
-0.10488028092067998,-0.09936889563674345,0.16506059445064142,1.257099367163903
-0.6223624842344888,-0.620183552202041,-0.7468949526521603,-0.5444987900006263
-0.10698386711301248,-0.10921573304068853,0.14504409224820206,1.2555767468789485
2.2323442178402786,2.200341402161488,2.0804545172407267,0.026314636825659852
-0.6223624842344888,-0.6214537657085824,-0.7436052034475928,-0.4989893614836524
-0.6223624842344888,-0.6224615384079869,-0.7459682627353807,-0.46599925530963743
-0.6812628976198003,-0.6745898643286353,-0.8229205934247585,-1.5819107441496445
-0.6223624842344888,-0.6185879120946505,-0.7424931755474573,-0.4761500572093344
-0.6223624842344888,-0.6213739837032127,-0.7458570599453672,-0.45449501315664775
-0.10698386711301248,-0.10688059305896633,0.15217960460740496,1.253208226435686
2.2069609444527987,2.1011631548988228,2.0998501371989233,0.13036035629755244
-0.6233441577909107,-0.6193082829501508,-0.746635479475462,-0.5444987900006263
-0.6959880009661282,-0.7007009750333474,-0.8275911106053278,-1.721653450302138
-0.10698386711301248,-0.10190494863637362,0.15977846192499756,1.2418731643143577
-0.6331608933551293,-0.6312379089197113,-0.7467652160638112,-0.4497579722701225
-0.6812628976198003,-0.6750348472971803,-0.8235692763665042,-1.5890163054794324
-0.6223624842344888,-0.6210947466844193,-0.7463760062987639,-0.5397617491141012
-0.6223624842344888,-0.6186745175610056,-0.7448562348352453,-0.5243663662328945
-0.6370875875808166,-0.6346058992779645,-0.7458570599453672,-0.42133572695097127
2.1606820482214832,2.099952427975233,1.9444905726508237,0.019209075495872047
-0.6223624842344888,-0.6211020950270192,-0.7458570599453672,-0.4971283811353744
2.2048573582604662,2.2017457520805657,2.008839920471999,-0.00921316982327916
-0.10698386711301248,-0.10731169582482278,0.14841724354527974,1.241365624219373
2.3687968421829173,2.451544493936511,2.3054177614381413,0.028683157268922583
-0.6223624842344888,-0.620058630377844,-0.7457273233570181,-0.46870613581622317
-0.6223624842344888,-0.6203672607670367,-0.7458570599453672,-0.4805487380325362
-0.6223624842344888,-0.6191327392102661,-0.7432623281783843,-0.5018654220218999
-0.10698386711301248,-0.10048076985631224,0.1672846502509123,1.2621747681137512
-0.6959880009661282,-0.6939576459742411,-0.8247369056616466,-1.5558570192737562
-0.6223624842344888,-0.6200292370074447,-0.7462462697104146,-0.5042339424651624
-0.6959880009661282,-0.6935657343689172,-0.8240882227199009,-1.5369088557276553
-0.10698386711301248,-0.1049406306126125,0.15451486319768934,1.2579452673222111
-0.10698386711301248,-0.1098264619589851,0.1421898873045207,1.2437341446626355
-0.6223624842344888,-0.6197353033034517,-0.7462462697104146,-0.4971283811353744
-0.10698386711301248,-0.11155087302241072,0.13816805306569746,1.2555767468789485
-0.6812628976198003,-0.675016184839784,-0.8236712122573501,-1.5927382661759881
-0.6223624842344888,-0.6206905878414289,-0.7458570599453672,-0.48291725847579897
2.2902629576691687,2.3887659701411823,2.0838276685378045,-0.08500582400768225
-0.6223624842344888,-0.6224536651837728,-0.7462462697104146,-0.47361235673441016
-0.6311975462422855,-0.6306181986937928,-0.7455975867686688,-0.45923205404317285
-0.6223624842344888,-0.6216238273516067,-0.7457273233570181,-0.45923205404317285
-0.6370875875808166,-0.6332995272602178,-0.7465057428871129,-0.4071246042913957
-0.10698386711301248,-0.10540765860895694,0.15568249249283184,1.250839705992423
2.175407151567811,2.1189005376101373,1.9730326220876353,0.026314636825659852
-0.6959880009661282,-0.6928570275492896,-0.8240882227199009,-1.5369088557276553
-0.6223624842344888,-0.6245190743359379,-0.7462462697104146,-0.4710746562594861
-0.10698386711301248,-0.1065931912150621,0.1529580241374998,1.2579452673222111
-0.4645935198095471,-0.45222056083191875,-0.6112738833314664,-1.4886925467040952
2.273574507209997,2.2543509037876923,2.1781461682676313,0.06421096391786159
-0.6244660704268213,-0.6219646504798082,-0.74555125227283,-0.4482353519851681
-0.1217089704593404,-0.13971567052323577,0.09986795880519658,1.259637067638827
-0.6812628976198003,-0.6751083307231786,-0.8240882227199009,-1.607964469025533
-0.6223624842344888,-0.6196586705877678,-0.745412248785313,-0.5218286657579702
-0.6223624842344888,-0.6229811712061174,-0.7459682627353807,-0.5015270619585764
-0.10698386711301248,-0.10425805123333981,0.15840696084816372,1.246102665105898
-0.05649779849703119,-0.06927568308507859,-0.17772200576613176,-1.1841684897131897
-0.10502052000016875,-0.09667537815283139,0.16891562450444433,1.246102665105898
-0.10698386711301248,-0.11106588241082227,0.1386499318224228,1.2418731643143577
-0.6223624842344888,-0.619764696673851,-0.746635479475462,-0.5492358308871516
-0.09422211087952825,-0.08637790072294307,0.17176982944812566,1.2484711855491606
-0.09225876376668458,-0.08059475509688058,0.18188928333935878,1.2603137877654735
-0.10698386711301248,-0.10343177093211502,0.16087195602679755,1.2437341446626355
2.459110809373729,2.544489597069144,2.5180560297423877,0.10921285233985074
-0.6223624842344888,-0.6196765165626532,-0.7455975867686688,-0.5279191468977882
-0.6223624842344888,-0.6231375859271707,-0.7462462697104146,-0.46870613581622317
-0.6223624842344888,-0.6194046278864596,-0.7463760062987639,-0.5089709833516874
-0.6959880009661282,-0.6927263903475149,-0.8240882227199009,-1.5487514579439683
-0.10698386711301248,-0.10752724720775092,0.14750908742683574,1.250839705992423
-0.6370875875808166,-0.6321158608998524,-0.7466632801729656,-0.4482353519851681
-0.6223624842344888,-0.6216826140924053,-0.7455975867686688,-0.5208135855680003
-0.6223624842344888,-0.6199116635258476,-0.746635479475462,-0.5421302695573638
-0.6223624842344888,-0.6196665438119819,-0.7463852731979316,-0.5091401633833491
-0.10698386711301248,-0.11277233085900379,0.13466516518027044,1.2579452673222111
-0.10698386711301248,-0.1017432850991774,0.16437484391222443,1.253208226435686
-0.6223624842344888,-0.62149155718481,-0.7458570599453672,-0.44502093138359744
2.278482874992106,2.353734788002794,2.091092917485356,-0.056583578688531436
-0.09225876376668458,-0.0802273379668894,0.1824082296927553,1.253208226435686
-0.10698386711301248,-0.11025756472484147,0.13959515553753798,1.2484711855491606
-0.6223624842344888,-0.621822232601802,-0.7461165331220655,-0.45212649271338523
-0.11189223489512182,-0.12486688629580495,0.11520467692789892,1.246102665105898
-0.11434641878617645,-0.12626645396017483,0.11932844705756812,1.2520239662140547
-0.6223624842344888,-0.621785490888803,-0.7458570599453672,-0.4639690949296981
-0.6959880009661282,-0.6933142577555008,-0.8240882227199009,-1.5369088557276553
1.7694150164476274,1.8179282878100864,1.5781700485478491,-0.2908979225398668
-0.6223624842344888,-0.6196114312424832,-0.7462462697104146,-0.5015270619585764
-0.10698386711301248,-0.10835352750897571,0.14569277518994772,1.2484711855491606
-0.10698386711301248,-0.10540765860895694,0.15464459978603878,1.2555767468789485
-0.6223624842344888,-0.6225166509774855,-0.7462462697104146,-0.49645166100872795
-0.10698386711301248,-0.10601838752725344,0.15256881437245232,1.2484711855491606
-0.6223624842344888,-0.6206979361840288,-0.7465057428871129,-0.5255506264545255
-0.6865218631006317,-0.6808511187851213,-0.8253392541075533,-1.6485676766243207
2.340538667665917,2.4217774661480274,2.2360735549655244,-0.00921316982327916
-0.10502052000016875,-0.09822506195888342,0.16774799520930214,1.2603137877654735
-0.10698386711301248,-0.10397064938943548,0.1587961706132112,1.2603137877654735
2.286336263443481,2.3597555300395836,2.1087370935008396,-0.04474097647221817
2.1322135150852493,2.035778535568449,1.9193216745110901,0.028683157268922583
-0.6370875875808166,-0.6347472673927421,-0.7459682627353807,-0.3974813424866838
-0.10698386711301248,-0.10783261166689917,0.14573910968578657,1.2545616666889785
-0.10698386711301248,-0.10957498534556888,0.14257909706956834,1.246102665105898
-0.6223624842344888,-0.6193678861734605,-0.7468949526521603,-0.48291725847579897
2.2437737028186193,2.191125239177182,2.1218126882266,0.07453094584922028
-0.6812628976198003,-0.6749613638711821,-0.8234395397781552,-1.5866477850361698
-0.6959880009661282,-0.6922777915278494,-0.8240882227199009,-1.572436662376594
2.1763888251242327,2.109153369392725,1.9888604858662309,0.028683157268922583
-0.6223624842344888,-0.6197059099330524,-0.7463760062987639,-0.5444987900006263
-0.6812628976198003,-0.6749450342209602,-0.8238287495432025,-1.598490387252483
-0.6370875875808166,-0.6345993674178757,-0.7453381135919707,-0.38343939985876957
-0.10698386711301248,-0.11255677947607565,0.13323806270842992,1.2579452673222111
-0.6233441577909107,-0.618811045100896,-0.7463760062987639,-0.5397617491141012
-0.10698386711301248,-0.11370638685169279,0.13336779929677908,1.246102665105898
-0.10698386711301248,-0.10734762105531079,0.1504930289588661,1.241365624219373
-0.10698386711301248,-0.11514339607121417,0.1302541211763997,1.2484711855491606
-0.6223624842344888,-0.620521575961633,-0.7462462697104146,-0.5350247082275761
-0.10698386711301248,-0.10720392013335858,0.15101197531226263,1.253208226435686
-0.6812628976198003,-0.6752436335393023,-0.8240882227199009,-1.607964469025533
-0.10698386711301248,-0.1009426656768727,0.16228052470030255,1.259637067638827
2.2984669438192658,2.2018048304222613,2.2844467686214194,0.18872746722080944
-0.6223624842344888,-0.6231963726679693,-0.7462462697104146,-0.48291725847579897
-0.6223624842344888,-0.6209183864620236,-0.7459867965337164,-0.5042339424651624
-0.6223624842344888,-0.6215136022126093,-0.7463760062987639,-0.5444987900006263
-0.09913047866163766,-0.09051828353668895,0.17215903921317302,1.253208226435686
-0.3180436817437123,-0.32548643706116454,-0.4575823606335701,-1.1934733914545783
-0.10698386711301248,-0.10610050233979763,0.15477433637438767,1.2520239662140547
-0.10698386711301248,-0.1105270039535017,0.14180067753947337,1.2520239662140547
-0.10698386711301248,-0.11356781810552467,0.13350680278429594,1.244410864789282
-0.6959880009661282,-0.693030121841641,-0.8240882227199009,-1.5369088557276553
-0.10698386711301248,-0.10656239816035809,0.1524112770865998,1.2393354638394336
-0.6223624842344888,-0.6219545027685989,-0.7459867965337164,-0.4639690949296981
-0.6223624842344888,-0.6176557223477012,-0.7468949526521603,-0.5137080242382127
-0.09225876376668458,-0.08010661519560655,0.18396506875294513,1.2545616666889785
-0.6223624842344888,-0.6211545831884465,-0.7461072662228977,-0.45077305246009214
-0.10698386711301248,-0.10594653706627742,0.1551635461394353,1.2555767468789485
-0.1001121522180595,-0.09140416706122341,0.1715103562714272,1.2555767468789485
-0.6370875875808166,-0.6325357661912709,-0.7468022836604824,-0.42793374818577434
-0.6861712654019096,-0.6807869665878212,-0.8239584861315516,-1.603227428139008
2.3773514260317365,2.3642539404344434,2.416500081762512,0.1633504624715674
-0.10698386711301248,-0.10625446761331767,0.1518552631365321,1.2545616666889785
-0.10698386711301248,-0.10551543430042097,0.1554230193161335,1.250839705992423
-0.11119103949767757,-0.1169008163561596,0.13642587602215178,1.2469485652642065
-0.10698386711301248,-0.10702429398091845,0.1516606582540083,1.253208226435686
-0.6223624842344888,-0.6189490306452704,-0.7459867965337164,-0.5208135855680003
-0.6223624842344888,-0.6213813320458126,-0.7461165331220655,-0.5326561877843135
-0.6223624842344888,-0.6189563789878703,-0.7424839086482895,-0.4805487380325362
-0.6223624842344888,-0.6208868935651672,-0.7461072662228977,-0.5395925690824395
-0.6223624842344888,-0.6215944339812075,-0.7443002208851776,-0.5018654220218999
-0.11581892912080924,-0.12830672711503424,0.11883730140167495,1.253208226435686
-0.6959880009661282,-0.6920307472480648,-0.8240882227199009,-1.572436662376594
-0.10698386711301248,-0.10601838752725352,0.15399591684429284,1.246102665105898
2.188168907801295,2.0961802787739896,2.040236174852492,0.0926332092370128
-0.10698386711301248,-0.10621597629493766,0.15477433637438767,1.2494862657391306
-0.6286732428114864,-0.6238131085647405,-0.7465242766854485,-0.47361235673441016
2.3167681436925585,2.3900331509983967,2.1880061489821663,-0.00921316982327916
-0.10698386711301248,-0.10655726598457409,0.15088223872391346,1.250839705992423
-0.6223624842344888,-0.619007817386069,-0.7462462697104146,-0.5444987900006263
-0.6223624842344888,-0.621153533425218,-0.7462462697104146,-0.5302876673410508
-0.10698386711301248,-0.10871277981385606,0.14504409224820206,1.250839705992423
-0.6959880009661282,-0.6934677564675862,-0.8240882227199009,-1.5369088557276553
1.9790724402834392,1.9504169219988357,1.7763519541503339,-0.15369291686229794
-0.10698386711301248,-0.10310844385772276,0.15970432673165522,1.2579452673222111
-0.6223624842344888,-0.6193090994326619,-0.7458570599453672,-0.5421302695573638
-0.6910796331840189,-0.6857144385422596,-0.8264234813101854,-1.6458607961177347
-0.6223624842344888,-0.6216584695381487,-0.7461072662228977,-0.45838615388486487
2.0595696719100314,2.0445067336120184,1.9394308457052074,0.057105402588073395
-0.10698386711301248,-0.1073322245279587,0.1481021689735746,1.2545616666889785
-0.10698386711301248,-0.10641356506262188,0.15347697049089631,1.246102665105898
-0.12072729690291856,-0.13894631071707,0.10171207173958807,1.2603137877654735
-0.6370875875808166,-0.6355660827110083,-0.7457273233570181,-0.38580792030203226
-0.10698386711301248,-0.10617748497655764,0.15157725616149814,1.2494862657391306
-0.6959880009661282,-0.6932155800120176,-0.8242272262074177,-1.547059657627352
-0.6812628976198003,-0.6747368311806318,-0.8236990129548534,-1.5961218668092203
-0.6959880009661282,-0.6928635594093783,-0.8240882227199009,-1.5369088557276553
-0.10698386711301248,-0.10810205089555949,0.14971460942877124,1.2555767468789485
-0.6311975462422855,-0.6290309566922305,-0.7454678501803198,-0.42133572695097127
2.337383288377418,2.4203646598029422,2.2265379157218623,-0.00921316982327916
-0.6311975462422855,-0.627458411375868,-0.7526033625395226,-0.5421302695573638
2.221686047799127,2.206799078982071,2.0537009793433,0.018701535400887318
-0.6223624842344888,-0.6213151969624141,-0.7449489038269231,-0.5208135855680003
-0.10698386711301248,-0.11305973270290812,0.13544358471036544,1.246102665105898
-0.6223624842344888,-0.6205803627024316,-0.7457273233570181,-0.5279191468977882
-0.6223624842344888,-0.6198240082962638,-0.7465242766854485,-0.5472056705072122
-0.10109382577448132,-0.09340291624837589,0.17021299038793583,1.2579452673222111
-0.10593207401684619,-0.0997686804662816,0.1654776049131921,1.259637067638827
-0.6370875875808166,-0.6322870889464641,-0.746635479475462,-0.44738945182685996
-0.6361059140243948,-0.6307782292659667,-0.746635479475462,-0.4781802175892737
2.2343075649531223,2.1850486847287414,2.105493678792111,0.061842443474598864
-0.10698386711301248,-0.10623393891018167,0.1537364436675945,1.2484711855491606
-0.10698386711301248,-0.11272100910116378,0.1296147051338216,1.2545616666889785
-0.10698386711301248,-0.10788649951263127,0.1463414581316934,1.2555767468789485
-0.10698386711301248,-0.11273640562851578,0.13297858953173175,1.241365624219373
-0.6812628976198003,-0.6749491166335156,-0.8238287495432025,-1.598490387252483
-0.17766436317538636,-0.21650480092818,0.03450851897473155,1.2437341446626355
-0.6812628976198003,-0.6749613638711821,-0.8235692763665042,-1.591384825922695
2.19602229625267,1.9105938040028496,2.0705945365261913,0.10210729101006334
-0.48394651277900647,-0.47115508186503163,-0.6297428133728836,-1.4824328855326154
-0.6370875875808166,-0.632953338675515,-0.7463760062987639,-0.4023875634048704
1.2992635024613013,1.2683404959530213,1.1001370549770941,-0.4431599510353194
-0.1001121522180595,-0.09179689514905849,0.17086167332968152,1.250839705992423
2.292226304782012,2.2519586100301936,2.231597642667479,0.10921285233985074
-0.6282525255730199,-0.6230632860186615,-0.7462462697104146,-0.4876542993623241
-0.10698386711301248,-0.10917980781020052,0.14621172154334425,1.2579452673222111
-0.6361059140243948,-0.6312444407798,-0.7465057428871129,-0.4616005744864354
-0.6812628976198003,-0.6748193542344315,-0.8233932052823162,-1.5902005657010636
2.314804796579715,2.4019823725482237,2.1643940899026224,-0.04474097647221817
-0.6223624842344888,-0.6207136826324571,-0.7462462697104146,-0.5066024629084247
-0.10698386711301248,-0.10600641245042419,0.154125653432642,1.2500501991780024
-0.10698386711301248,-0.1136832920606647,0.13128274698402492,1.2520239662140547
-0.33276878509004015,-0.5471777684727782,-0.2182183551294002,0.10921285233985074
-0.10698386711301248,-0.10105813963201273,0.1654776049131921,1.2545616666889785
2.2460876476301848,2.2224190892614075,2.1200241766872154,0.057105402588073395
-0.6959880009661282,-0.693484086117808,-0.8240882227199009,-1.5369088557276553
-0.6223624842344888,-0.6208889930916243,-0.7458570599453672,-0.45923205404317285
-0.6223624842344888,-0.61998934600476,-0.745273245297796,-0.4888385595839554
-0.1217089704593404,-0.13757152912892967,0.10111899019284908,1.2494862657391306
-0.1217089704593404,-0.1360292519856569,0.10973720641889934,1.2494862657391306
-0.6223624842344888,-0.6219030643704001,-0.7465057428871129,-0.5137080242382127
-0.10698386711301248,-0.10874870504434407,0.14530356542490036,1.2555767468789485
-0.6223624842344888,-0.6213298936476138,-0.7463760062987639,-0.5279191468977882
-0.6812628976198003,-0.6749636966783567,-0.823532208769833,-1.5876628652261395
-0.10698386711301248,-0.10630578937115785,0.1511417119006118,1.2555767468789485
-0.6959880009661282,-0.6926480080264501,-0.8240882227199009,-1.5582255397170186
2.276519527879262,2.3307148800850745,2.109256039854236,-0.04474097647221817
-0.6223624842344888,-0.6176704190329009,-0.7468949526521603,-0.5018654220218999
-0.6370875875808166,-0.6322936208065528,-0.7465057428871129,-0.43080980872402164
-0.10698386711301248,-0.11596069506481683,0.1263944576730126,1.2579452673222111
-0.6959880009661282,-0.6920046198077098,-0.8240882227199009,-1.572436662376594
2.1439935977623117,2.074319776022021,1.9176350988625517,0.009734993722821909
-0.6812628976198003,-0.6748674683824064,-0.8229761948197654,-1.56989896190167
2.175407151567811,2.128754431755785,1.9608466496819834,-0.00921316982327916
-0.6223624842344888,-0.6191841776084649,-0.7465057428871129,-0.4971283811353744
0.8854880984294877,0.8607450780734532,0.8131875222462915,-0.6487136895041807
-0.6959880009661282,-0.6922332349108156,-0.8240882227199009,-1.572436662376594
-0.634142566911551,-0.6319327355366504,-0.7461165331220655,-0.42133572695097127
-0.11091056133869999,-0.11994757916647751,0.12156176975700697,1.2484711855491606
-0.10698386711301248,-0.10613899365817764,0.15435732591183698,1.2520239662140547
2.3069514081283398,2.28795324153167,2.2517068138615963,0.09973877056680021
-0.6370875875808166,-0.6324111942881501,-0.7462462697104146,-0.44738945182685996
-0.6223624842344888,-0.6208889930916243,-0.7436515379434319,-0.4876542993623241
2.2343075649531223,2.1770920626581525,2.109256039854236,0.08079060702069954
2.1567553539957958,2.104025042740558,1.9202298306295345,-0.00921316982327916
-0.6959880009661282,-0.6936735100603812,-0.8240882227199009,-1.5369088557276553
-0.1217089704593404,-0.13707248335411454,0.10742048162695032,1.2603137877654735
-0.6223624842344888,-0.6216269766412924,-0.7462462697104146,-0.48122545815918266
2.1822788664627644,2.126146819896076,1.9918444273982612,0.026314636825659852
-0.6223624842344888,-0.6193605378308606,-0.7463760062987639,-0.5444987900006263
-0.6959880009661282,-0.692267293895564,-0.8242272262074177,-1.5749743628515185
-0.6959880009661282,-0.692284789949373,-0.8240882227199009,-1.572436662376594
-0.6959880009661282,-0.692715192873077,-0.8240882227199009,-1.557210459527049
-0.6223624842344888,-0.6211545831884465,-0.7462462697104146,-0.46853695578456167
-0.6223624842344888,-0.6226599436581821,-0.7461165331220655,-0.49002281980558676
-0.6223624842344888,-0.6214842088422101,-0.7465057428871129,-0.4639690949296981
-0.10698386711301248,-0.10490470538212449,0.15529328272778434,1.2674193490952612
-0.6223624842344888,-0.6180231394776925,-0.7467652160638112,-0.5160765446814752
-0.10698386711301248,-0.10741947151628681,0.15036329237051693,1.253208226435686
-0.11876394979007482,-0.13621517671746824,0.10339864738812679,1.2555767468789485
-0.6223624842344888,-0.6216899624350053,-0.7463760062987639,-0.4639690949296981
-0.10698386711301248,-0.10468915399919626,0.15814748767146553,1.2484711855491606
2.218600788050373,2.2357302036397355,2.0039099301147316,-0.04474097647221817
-0.10698386711301248,-0.10767094812970304,0.14958487284042196,1.253208226435686
-0.6959880009661282,-0.6929601376264046,-0.8240882227199009,-1.5394465562025794
-0.6812628976198003,-0.6753328634137288,-0.8240882227199009,-1.607964469025533
2.2166374409375287,2.237390112584785,1.9952175786953392,-0.04474097647221817
2.409045457996213,2.4945657739284433,2.404277041760189,0.05947392303133613
-0.10698386711301248,-0.1010607057199048,0.16307747802873293,1.250839705992423
-0.6223624842344888,-0.6210727016566199,-0.7458570599453672,-0.4994969015786369
-0.6223624842344888,-0.6212411886548016,-0.7459682627353807,-0.5142155643331975
-0.6812628976198003,-0.6753369458262842,-0.8238287495432025,-1.598490387252483
-0.10698386711301248,-0.10231808878698596,0.15918538037825855,1.250839705992423
-0.22899186626830073,-0.21176004609568816,-0.324231681608986,-1.3465813201083394
-0.6321792197987074,-0.630949690593296,-0.7462462697104146,-0.4142301656211837
-0.10698386711301248,-0.11722705943952004,0.124286238112339,1.253208226435686
-0.6223624842344888,-0.6174499687549061,-0.7465057428871129,-0.49239134024884934
-0.6959880009661282,-0.6918578862364307,-0.8240882227199009,-1.572436662376594
-0.6223624842344888,-0.6219030643704001,-0.7461165331220655,-0.46633761537296065
-0.10698386711301248,-0.10953906011508077,0.1454333020132494,1.246102665105898
-0.6223624842344888,-0.6220941212779956,-0.7457273233570181,-0.46870613581622317
-0.6812628976198003,-0.6752797920505078,-0.8239584861315516,-1.603227428139008
1.9398054980265649,1.871621052542166,1.723567696490568,0.013626134451038437
-0.6812628976198003,-0.6751858965617322,-0.8236990129548534,-1.5937533463659574
-0.09225876376668458,-0.07979168622704261,0.18313104782784345,1.259637067638827
-0.6223624842344888,-0.6192413897044207,-0.7462462697104146,-0.5395925690824395
-0.10698386711301248,-0.10409895378403569,0.15866643402486205,1.2469485652642065
2.459110809373729,2.543966231779534,2.521558917627815,0.1068443318965884
2.3197131643618243,2.212840932923791,2.3388898012322206,0.22527035405971832
2.3079330816847623,2.410188954907565,2.1209786673014985,-0.08026878312115718
-0.10698386711301248,-0.11198197578826709,0.13661121400550763,1.250839705992423
-0.6223624842344888,-0.6191180425250664,-0.7465057428871129,-0.5397617491141012
-0.6959880009661282,-0.6932946621752347,-0.8240882227199009,-1.5369088557276553
2.1862055606884514,2.1676388281447334,1.962783431608053,-0.02105577203959203
-0.6959880009661282,-0.6922528304910817,-0.8240882227199009,-1.572436662376594
-0.10698386711301248,-0.10504840630407651,0.15672038519962486,1.246102665105898
-0.6959880009661282,-0.692968069170798,-0.8240882227199009,-1.5369088557276553
-0.6244660704268213,-0.6206996857894097,-0.7465242766854485,-0.47868775768425864
-0.6223624842344888,-0.6205798378208174,-0.7465242766854485,-0.5218286657579702
2.199948990478357,2.1370452284541277,2.0404956480291903,0.061842443474598864
-0.6223624842344888,-0.6213372419902136,-0.7471544258288587,-0.47344317670274866
-0.10382848782451362,-0.09912395088341598,0.16450458050057346,1.2469485652642065
2.3069514081283398,2.2336873643969835,2.4525390526260704,0.13289805677247687
-0.6223624842344888,-0.620903689776824,-0.7461165331220655,-0.5373932286708387
-0.6959880009661282,-0.6933763104263438,-0.8240882227199009,-1.5369088557276553
-0.6223624842344888,-0.6221676047039938,-0.7458570599453672,-0.5089709833516874
-0.6959880009661282,-0.6932750665949684,-0.8240882227199009,-1.5369088557276553
-0.6223624842344888,-0.6210800499992197,-0.7463760062987639,-0.4616005744864354
-0.10698386711301248,-0.11449674192242949,0.13129201388319275,1.2437341446626355
-0.6812628976198003,-0.6752471327500642,-0.8238287495432025,-1.598490387252483
2.3246215321439334,2.4153016517516623,2.1867087830986747,-0.04474097647221817
2.2951713254512773,2.383838498186744,2.118597074215374,-0.08026878312115718
-0.6959880009661282,-0.6930546163169737,-0.8240882227199009,-1.5369088557276553
2.292156185242268,2.387572680951222,2.101935189511677,-0.08026878312115718
-0.6370875875808166,-0.6341160097713096,-0.7454678501803198,-0.4071246042913957
-0.6223624842344888,-0.6212196685086164,-0.7465057428871129,-0.47344317670274866
-0.10698386711301248,-0.10567709783761718,0.15546935381197236,1.2545616666889785
2.341309982603105,2.2552898586754475,2.3674318506690324,0.20395367007035492
-0.10698386711301248,-0.10314436908821077,0.15944485355495702,1.2603137877654735
-0.10698386711301248,-0.11660863225754756,0.12280353424549165,1.2545616666889785
2.1812971929063423,2.124228902477522,1.9849683882157563,0.026314636825659852
-0.6223624842344888,-0.6170531582545156,-0.746635479475462,-0.5539728717736766
-0.6370875875808166,-0.6333060591203066,-0.7465057428871129,-0.42133572695097127
2.421807214229698,2.5286008474032995,2.4097259784708527,0.038157239041972726
-0.09913047866163766,-0.09321022637575821,0.16774799520930214,1.2579452673222111
-0.10698386711301248,-0.10944924703886076,0.1433760503979987,1.2545616666889785
2.190132254914139,2.172186635731514,1.9744597245594757,-0.00921316982327916
-0.10698386711301248,-0.10274919155284233,0.16268826826368557,1.2437341446626355
2.3275665528131992,2.4043207784599905,2.2101911055898706,-0.00921316982327916
-0.6959880009661282,-0.6920470768982866,-0.8240882227199009,-1.572436662376594
-0.6959880009661282,-0.6921413223081383,-0.8240882227199009,-1.572436662376594
-0.13348905313640272,-0.16930884585703637,0.050725592518374545,1.2484711855491606
-0.10698386711301248,-0.103367618734815,0.15963945843748056,1.259637067638827
2.293207978338434,2.3786089277032016,2.1147049765649,-0.07079470134810704
-0.10698386711301248,-0.10874870504434407,0.14711987766178825,1.2484711855491606
2.192095602026982,2.1468487339648057,2.0011854617593996,0.026314636825659852
-0.6223624842344888,-0.6220353345371971,-0.7462462697104146,-0.4710746562594861
-0.6223624842344888,-0.6189416823026707,-0.7454678501803198,-0.5610784331034646
-0.6223624842344888,-0.6224027516671883,-0.7462462697104146,-0.46870613581622317
-0.6959880009661282,-0.6923638721125902,-0.8240882227199009,-1.572436662376594
-0.6223624842344888,-0.6207493745822276,-0.7453381135919707,-0.4379153700538094
-0.1217089704593404,-0.1388279207529616,0.1035283839764761,1.246102665105898
-0.10698386711301248,-0.09947999557843122,0.1661911561491123,1.2484711855491606
-0.6223624842344888,-0.6193311444604613,-0.7462462697104146,-0.5042339424651624
-0.6223624842344888,-0.6213041744485144,-0.7465242766854485,-0.5142155643331975
-0.6959880009661282,-0.692772113368136,-0.8240882227199009,-1.5392773761709178
-0.6223624842344888,-0.6196507973635537,-0.7469412871479993,-0.5243663662328945
-0.6812628976198003,-0.6747776553061865,-0.8234395397781552,-1.5961218668092203
-0.6959880009661282,-0.6935820640191389,-0.8243476958965991,-1.5463829375007057
-0.6223624842344888,-0.6220132895093975,-0.7462462697104146,-0.46633761537296065
2.334438267708152,2.418715365130537,2.2152508325354865,-0.00921316982327916
-0.6812628976198003,-0.6752675448128415,-0.8239584861315516,-1.603227428139008
2.3226581850310897,2.404751064743336,2.1855411538035328,-0.03526689469916803
-0.6223624842344888,-0.6193678861734605,-0.7462462697104146,-0.5421302695573638
2.0397258421623614,2.0967077847963336,1.8490878457183642,-0.21984230924198878
-0.6223624842344888,-0.6195442463958563,-0.7465057428871129,-0.546867310443889
2.4384956646888694,2.298860631397344,2.471221121348347,0.09026468879375008
-0.6812628976198003,-0.6749123749205165,-0.8234395397781552,-1.5890163054794324
-0.10698386711301248,-0.11058089179923389,0.14193041412782254,1.246102665105898
-0.6223624842344888,-0.6175486464983895,-0.7423541720599404,-0.4710746562594859
-0.6959880009661282,-0.6929909306811086,-0.8240882227199009,-1.5392773761709178
-0.6223624842344888,-0.6196471231922538,-0.7462462697104146,-0.5042339424651624
1.2074770249358577,1.199223618424088,1.3504267346000953,-0.5942377193091409
2.3615745295892423,2.3166751717059566,2.396761586535106,0.18365206627096137
-0.6223624842344888,-0.6204554408782346,-0.7454678501803198,-0.49239134024884934
-0.1040388464437469,-0.09914850367892805,0.16463431708892276,1.2484711855491606
-0.11091056133869999,-0.12429861446808516,0.11377757445605838,1.2555767468789485
-0.6959880009661282,-0.6930856426523953,-0.8244774324849482,-1.5700681419333318
-0.10207549933090317,-0.09679213515191747,0.16385589755882776,1.246102665105898
-0.10698386711301248,-0.10432990169431591,0.15672038519962486,1.250839705992423
-0.10698386711301248,-0.11155087302241064,0.1367409505938568,1.2603137877654735
-0.6223624842344888,-0.6206979361840288,-0.7459682627353807,-0.47868775768425864
-0.6223624842344888,-0.62274812376938,-0.7461165331220655,-0.5018654220218999
-0.6223624842344888,-0.619595684794055,-0.7462462697104146,-0.5066024629084249
-0.10698386711301248,-0.10084515433697658,0.16606141956076315,1.250839705992423
-0.10698386711301248,-0.10716799490287057,0.14789829719188324,1.250839705992423
-0.10698386711301248,-0.11221712275146155,0.13619841576985137,1.2536388665162788
-0.6370875875808166,-0.6322805570863754,-0.7467652160638112,-0.4497579722701225
-0.6223624842344888,-0.6203011256836383,-0.7465057428871129,-0.4971283811353744
-0.10698386711301248,-0.10616208844920565,0.1511417119006118,1.253208226435686
-0.6812628976198003,-0.6751867713644227,-0.8236712122573501,-1.5927382661759881
-0.10698386711301248,-0.10720392013335858,0.14893618989867627,1.2484711855491606
-0.6223624842344888,-0.6171707317361128,-0.7467652160638112,-0.546867310443889
-0.6223624842344888,-0.6188167604784737,-0.746635479475462,-0.5421302695573638
-0.10698386711301248,-0.10468915399919626,0.15801775108311636,1.2555767468789485
-0.6959880009661282,-0.693039919631774,-0.8240882227199009,-1.5369088557276553
-0.6223624842344888,-0.6230126641029737,-0.7462462697104146,-0.45449501315664775
-0.6223624842344888,-0.6216112301928642,-0.7456902557603469,-0.4634615548347132
-0.6223624842344888,-0.6217707942036033,-0.7458570599453672,-0.4379153700538094
-0.6265696566191539,-0.621624352233221,-0.7468022836604824,-0.4939139605338037
-0.10698386711301248,-0.10490470538212449,0.15736906814137067,1.2484711855491606
-0.6812628976198003,-0.6749205397456275,-0.8234395397781552,-1.5842792645929074
-0.6959880009661282,-0.6936408507599375,-0.8240882227199009,-1.5369088557276553
-0.6959880009661282,-0.6936637122702481,-0.82421795930825,-1.5416458966141806
-0.1364340738056683,-0.1810833401494895,0.025501092983633938,1.236797763364509
-0.1364340738056683,-0.17614280447487377,0.039957455685395604,1.241365624219373
-0.032376676824951205,-0.009955954167272742,-0.18344894945182966,-1.191104871011316
-0.6812628976198003,-0.6748348090819628,-0.8236990129548534,-1.5961218668092203
-0.6223624842344888,-0.6212490618790157,-0.7462462697104146,-0.5279191468977882
-0.10698386711301248,-0.10198193127313362,0.1631145456254041,1.2520239662140547
-0.6223624842344888,-0.620021888664845,-0.7462462697104146,-0.5421302695573638
-0.6865218631006317,-0.6863405056677288,-0.8253392541075533,-1.607964469025533
-0.1040388464437469,-0.09680601535460595,0.16826694156269864,1.2484711855491606
2.337383288377418,2.4464635232699874,2.188534362234731,-0.04474097647221817
-0.10698386711301248,-0.11234122809314752,0.13648147741715846,1.2437341446626355
2.304988061015497,2.3942690622659404,2.1306625769318446,-0.056583578688531436
-0.6223624842344888,-0.6222253416815638,-0.7462462697104146,-0.46853695578456167
-0.6370875875808166,-0.6344953242178909,-0.745412248785313,-0.38479284011206244
-0.6223624842344888,-0.6196544715348536,-0.7463760062987639,-0.5089709833516874
2.1852238871320293,2.1593352010069307,1.9845791784507092,-0.00921316982327916
-0.10698386711301248,-0.1032880700101629,0.16139090238019407,1.2389971037761105
-0.6253075049037543,-0.6204603397733011,-0.7468949526521603,-0.4876542993623241
-0.10698386711301248,-0.10763502289921503,0.14711987766178825,1.2555767468789485
-0.6223624842344888,-0.6201074443679714,-0.7463852731979316,-0.5294417671827427
-0.10698386711301248,-0.10141995802478507,0.16333695120543124,1.250839705992423
-0.6223624842344888,-0.6231858750356839,-0.7461072662228977,-0.4710746562594859
-0.6223624842344888,-0.6216091306664071,-0.7458570599453672,-0.44502093138359744
-0.6223624842344888,-0.619595684794055,-0.7462462697104146,-0.5421302695573638
-0.6223624842344888,-0.621234365193816,-0.7457273233570181,-0.5018654220218999
-0.10698386711301248,-0.10897772838870533,0.14480083614504735,1.2520239662140547
